stimulus,mean,sd,n,stderror
familiar,501.7083333333333,152.79955336574753,96,15.59503911130206
unfamiliar,476.7604166666667,169.34168167792822,96,17.283363012322468
