test_time,mean,sd,n,stderror
baseline,0.5041831166666667,0.1773276087050636,96,0.01809842327647176
test,0.53950405,0.20139617476771968,96,0.02055491101372074
